<?xml version="1.0" encoding="UTF-8"?>
<jcr:root xmlns:sling="http://sling.apache.org/jcr/sling/1.0" xmlns:cq="http://www.day.com/jcr/cq/1.0" xmlns:jcr="http://www.jcp.org/jcr/1.0" xmlns:nt="http://www.jcp.org/jcr/nt/1.0"
    jcr:primaryType="nt:unstructured"
    jcr:title="Panel"
    sling:resourceType="cq/gui/components/authoring/dialog">
    <content
        jcr:primaryType="nt:unstructured"
        sling:resourceType="granite/ui/components/coral/foundation/fixedcolumns">
        <items jcr:primaryType="nt:unstructured">
            <column
                jcr:primaryType="nt:unstructured"
                sling:resourceType="granite/ui/components/coral/foundation/container">
                <items jcr:primaryType="nt:unstructured">
                    <firstName
                        jcr:primaryType="nt:unstructured"
                        sling:resourceType="granite/ui/components/coral/foundation/form/textfield"
                        fieldDescription="Enter First Name"
                        fieldLabel="First Name"
                        name="./firstName"/>
                    <lastName
                        jcr:primaryType="nt:unstructured"
                        sling:resourceType="granite/ui/components/coral/foundation/form/textfield"
                        fieldDescription="Enter Last Name"
                        fieldLabel="Last Name"
                        name="./lastName"/>
                    <gender
                        jcr:primaryType="nt:unstructured"
                        sling:resourceType="granite/ui/components/coral/foundation/form/select"
                        fieldDescription="Select Gender"
                        fieldLabel="Gender"
                        name="./gender"
                        type="editable">
                        <items jcr:primaryType="nt:unstructured">
                            <male
                                jcr:primaryType="nt:unstructured"
                                text="Male"
                                value="male"/>
                            <female
                                jcr:primaryType="nt:unstructured"
                                text="Female"
                                value="female"/>
                        </items>
                    </gender>
                    <dob
                        jcr:primaryType="nt:unstructured"
                        sling:resourceType="granite/ui/components/coral/foundation/form/datepicker"
                        fieldDescription="Select Date of Birth"
                        fieldLabel="Date of Birth"
                        name="./dob"/>
                    <address
                        jcr:primaryType="nt:unstructured"
                        sling:resourceType="granite/ui/components/coral/foundation/form/textarea"
                        fieldDescription="Enter Address"
                        fieldLabel="Address"
                        name="./address"/>
                    <ishome
                        jcr:primaryType="nt:unstructured"
                        sling:resourceType="granite/ui/components/coral/foundation/form/checkbox"
                        fieldDescription="If checked, This mean it is Home Address."
                        name="./isHome"
                        text="Is this your home address ?"
                        uncheckedValue="false"
                        value="true"/>
                </items>
            </column>
        </items>
    </content>
</jcr:root>
